rank	a	b	combined	compat	palette_match	palette_emd	dominant_dE	shared_series	surv_geomean	path_a	path_b
1	dawn_at_isawa_in_the_kai_province	katsushika_hokusai_goten_yama_hill_shinagawa_on_	0.839	1.066	0.806	19.39	13.6	1.15	0.787	examples/series/dawn_at_isawa_in_the_kai_province.jpg	examples/series/katsushika_hokusai_goten_yama_hill_shinagawa_on_.jpg
2	dawn_at_isawa_in_the_kai_province	fuji_a	0.795	0.741	0.741	25.86	48.3	1.00	1.072	examples/series/dawn_at_isawa_in_the_kai_province.jpg	examples/fuji_a.jpg
3	dawn_at_isawa_in_the_kai_province	kajikazawa	0.758	0.839	0.839	16.15	18.0	1.00	0.905	examples/series/dawn_at_isawa_in_the_kai_province.jpg	examples/kajikazawa.jpg
4	fuji_a	kajikazawa	0.745	0.833	0.833	16.65	43.7	1.00	0.894	examples/fuji_a.jpg	examples/kajikazawa.jpg
5	at_sea_off_kazusa_kazusa_no_kairo_from_the_serie	fuji_a	0.724	0.916	0.797	20.35	6.0	1.00	0.790	examples/series/at_sea_off_kazusa_kazusa_no_kairo_from_the_serie.jpg	examples/fuji_a.jpg
6	at_sea_off_kazusa_kazusa_no_kairo_from_the_serie	dawn_at_isawa_in_the_kai_province	0.712	0.890	0.774	22.57	54.2	1.15	0.799	examples/series/at_sea_off_kazusa_kazusa_no_kairo_from_the_serie.jpg	examples/series/dawn_at_isawa_in_the_kai_province.jpg
7	katsushika_hokusai_goten_yama_hill_shinagawa_on_	fuji_a	0.618	0.795	0.795	20.48	42.0	1.00	0.777	examples/series/katsushika_hokusai_goten_yama_hill_shinagawa_on_.jpg	examples/fuji_a.jpg
8	at_sea_off_kazusa_kazusa_no_kairo_from_the_serie	kajikazawa	0.563	0.844	0.844	15.56	48.8	1.00	0.666	examples/series/at_sea_off_kazusa_kazusa_no_kairo_from_the_serie.jpg	examples/kajikazawa.jpg
9	dawn_at_isawa_in_the_kai_province	katsushika_hokusai_tempesta_sotto_la_vetta_dalla	0.545	0.770	0.670	33.02	23.4	1.15	0.707	examples/series/dawn_at_isawa_in_the_kai_province.jpg	examples/series/katsushika_hokusai_tempesta_sotto_la_vetta_dalla.jpg
10	katsushika_hokusai_goten_yama_hill_shinagawa_on_	kajikazawa	0.540	0.823	0.823	17.71	23.7	1.00	0.656	examples/series/katsushika_hokusai_goten_yama_hill_shinagawa_on_.jpg	examples/kajikazawa.jpg
11	katsushika_hokusai_tempesta_sotto_la_vetta_dalla	fuji_a	0.497	0.711	0.711	28.88	71.6	1.00	0.699	examples/series/katsushika_hokusai_tempesta_sotto_la_vetta_dalla.jpg	examples/fuji_a.jpg
12	red_fuji_southern_wind_clear_morning	fuji_a	0.492	0.741	0.741	25.95	53.0	1.00	0.665	examples/series/red_fuji_southern_wind_clear_morning.jpg	examples/fuji_a.jpg
13	dawn_at_isawa_in_the_kai_province	red_fuji_southern_wind_clear_morning	0.492	0.731	0.635	36.48	33.7	1.15	0.673	examples/series/dawn_at_isawa_in_the_kai_province.jpg	examples/series/red_fuji_southern_wind_clear_morning.jpg
14	at_sea_off_kazusa_kazusa_no_kairo_from_the_serie	katsushika_hokusai_goten_yama_hill_shinagawa_on_	0.487	0.841	0.731	26.89	47.7	1.15	0.580	examples/series/at_sea_off_kazusa_kazusa_no_kairo_from_the_serie.jpg	examples/series/katsushika_hokusai_goten_yama_hill_shinagawa_on_.jpg
15	fuji_a	fuji_c	0.467	0.707	0.707	29.33	69.1	1.00	0.661	examples/fuji_a.jpg	examples/fuji_c.jpg
16	katsushika_hokusai_goten_yama_hill_shinagawa_on_	katsushika_hokusai_tempesta_sotto_la_vetta_dalla	0.454	0.886	0.771	22.93	33.0	1.15	0.513	examples/series/katsushika_hokusai_goten_yama_hill_shinagawa_on_.jpg	examples/series/katsushika_hokusai_tempesta_sotto_la_vetta_dalla.jpg
17	katsushika_hokusai_goten_yama_hill_shinagawa_on_	red_fuji_southern_wind_clear_morning	0.385	0.789	0.686	31.36	43.5	1.15	0.488	examples/series/katsushika_hokusai_goten_yama_hill_shinagawa_on_.jpg	examples/series/red_fuji_southern_wind_clear_morning.jpg
18	red_fuji_southern_wind_clear_morning	kajikazawa	0.382	0.682	0.682	31.84	22.6	1.00	0.561	examples/series/red_fuji_southern_wind_clear_morning.jpg	examples/kajikazawa.jpg
19	katsushika_hokusai_tempesta_sotto_la_vetta_dalla	kajikazawa	0.377	0.639	0.639	36.09	36.3	1.00	0.589	examples/series/katsushika_hokusai_tempesta_sotto_la_vetta_dalla.jpg	examples/kajikazawa.jpg
20	at_sea_off_kazusa_kazusa_no_kairo_from_the_serie	red_fuji_southern_wind_clear_morning	0.354	0.714	0.621	37.94	57.4	1.15	0.496	examples/series/at_sea_off_kazusa_kazusa_no_kairo_from_the_serie.jpg	examples/series/red_fuji_southern_wind_clear_morning.jpg
21	dawn_at_isawa_in_the_kai_province	fuji_c	0.350	0.524	0.524	47.60	37.3	1.00	0.668	examples/series/dawn_at_isawa_in_the_kai_province.jpg	examples/fuji_c.jpg
22	at_sea_off_kazusa_kazusa_no_kairo_from_the_serie	katsushika_hokusai_tempesta_sotto_la_vetta_dalla	0.345	0.663	0.577	42.32	77.5	1.15	0.521	examples/series/at_sea_off_kazusa_kazusa_no_kairo_from_the_serie.jpg	examples/series/katsushika_hokusai_tempesta_sotto_la_vetta_dalla.jpg
23	fuji_c	kajikazawa	0.345	0.619	0.619	38.09	32.3	1.00	0.557	examples/fuji_c.jpg	examples/kajikazawa.jpg
24	katsushika_hokusai_tempesta_sotto_la_vetta_dalla	red_fuji_southern_wind_clear_morning	0.343	0.782	0.680	31.99	45.9	1.15	0.438	examples/series/katsushika_hokusai_tempesta_sotto_la_vetta_dalla.jpg	examples/series/red_fuji_southern_wind_clear_morning.jpg
25	red_fuji_southern_wind_clear_morning	fuji_c	0.307	0.741	0.741	25.85	18.2	1.00	0.415	examples/series/red_fuji_southern_wind_clear_morning.jpg	examples/fuji_c.jpg
26	katsushika_hokusai_goten_yama_hill_shinagawa_on_	fuji_c	0.297	0.613	0.613	38.68	50.0	1.00	0.485	examples/series/katsushika_hokusai_goten_yama_hill_shinagawa_on_.jpg	examples/fuji_c.jpg
27	katsushika_hokusai_tempesta_sotto_la_vetta_dalla	fuji_c	0.294	0.676	0.676	32.38	39.1	1.00	0.436	examples/series/katsushika_hokusai_tempesta_sotto_la_vetta_dalla.jpg	examples/fuji_c.jpg
28	at_sea_off_kazusa_kazusa_no_kairo_from_the_serie	fuji_c	0.266	0.540	0.540	46.03	74.0	1.00	0.492	examples/series/at_sea_off_kazusa_kazusa_no_kairo_from_the_serie.jpg	examples/fuji_c.jpg
